{"mean": [0.7940338210146305, 0.0669770093102793, 0.4967699030970929, 99.9823152194566, 11.453258597757932, 2.99619988599658, 0.03315599467984039, 0.0111153334600038, 0.20549116473494206, 0.2851035531065932, 0.10070302109063271, 0.10602318069542087, 0.27588827664829946, 0.06982709481284438, 0.38960668820064603, 0.01700551016530496, 0.5481664449933498, 0.16406992209766294, 0.17205016150484514, 0.1668250047501425, 0.1634049021470644, 0.16815504465133954, 18.895496864905947], "scale": [0.7462277879129917, 0.24998217843304363, 0.6727076949584339, 1.7597505317736652, 6.931633951193341, 2.0030341794249304, 0.17904377871523705, 0.10484170363970972, 0.4040600771553891, 0.4514637494999894, 0.30093508043073397, 0.30786728610011005, 0.4469607761944338, 0.2548553935918218, 0.4876610674535856, 0.12929161917666074, 0.4976745860265547, 0.3703390105842615, 0.3774240366365156, 0.3728195576150176, 0.36973468879910726, 0.37400391122239024, 5.841703791487403]}